time,A0,B0,C0,D0,E0,F0,G0,H0,A1,B1,C1,D1,E1,F1,G1,H1,A2,B2,C2,D2,E2,F2,G2,H2,A3,B3,C3,D3,E3,F3,G3,H3,A4,B4,C4,D4,E4,F4,G4,H4,A5,B5,C5,D5,E5,F5,G5,H5,A6,B6,C6,D6,E6,F6,G6,H6,A7,B7,C7,D7,E7,F7,G7,H7,A8,B8,C8,D8,E8,F8,G8,H8,A9,B9,C9,D9,E9,F9,G9,H9,A10,B10,C10,D10,E10,F10,G10,H10,A11,B11,C11,D11,E11,F11,G11,H11
0:01:27,8494,7410,7725,4165,4227,4152,3112,3252,8631,7861,7829,4477,4492,4401,3410,3537,9780,8827,9667,5498,5728,5144,3483,3646,13262,11559,11202,9519,9192,6993,3758,3952,18209,15246,15173,10924,14241,12674,4185,4869,26124,19722,26862,11263,13113,13787,5145,5590,32256,34791,25054,13883,11781,15283,6703,6872,27266,24928,33807,9614,11198,14355,6783,7263,28967,34244,37190,17048,17474,12636,7333,7173,33961,36371,38403,13086,13241,18886,7499,7786,29860,37574,28671,16727,16653,17442,7274,7865,1403,2469,1175,233,235,232,240,248
0:16:27,5785,5810,5828,5137,6176,7117,7094,7039,5892,5901,5963,5191,7096,8951,8777,8771,5845,5941,6082,5202,7097,8995,8882,8812,5903,5890,6069,5275,7130,8991,8845,8755,6042,6045,6167,5354,6949,8737,8823,8793,6042,6018,6022,5285,7210,8967,8832,8753,6052,5974,5957,5198,7133,8968,8808,8771,5917,6000,5923,5231,7109,8909,8766,8716,5987,5944,5940,5182,7119,8898,8796,8681,5966,5889,5901,5166,7064,8798,8681,8639,6085,5930,6134,5188,6983,8787,8569,8612,5541,5881,4612,953,955,951,976,998
0:31:27,5557,5614,5617,4964,5962,6871,6845,6797,5607,5584,5664,4993,6847,8654,8480,8480,5642,5680,5783,5005,6863,8701,8579,8515,5628,5610,5783,5075,6883,8694,8550,8470,5767,5802,5833,5152,6698,8459,8482,8523,5729,5791,5772,5094,6986,8692,8541,8468,5742,5735,5709,5037,6925,8702,8515,8479,5696,5720,5702,5033,6896,8664,8497,8433,5735,5716,5715,5003,6889,8613,8500,8386,5714,5715,5705,4976,6826,8552,8386,8383,5691,5779,5857,4988,6749,8507,8280,8325,5329,5647,4439,927,935,925,941,980
0:46:27,5528,5576,5600,4906,5876,6798,6756,6689,5586,5546,5589,4926,6759,8539,8363,8338,5645,5625,5744,4954,6789,8590,8440,8414,5642,5598,5741,5036,6842,8604,8429,8361,5745,5783,5811,5147,7083,8626,8374,8401,5730,5780,5734,5122,6967,8631,8416,8357,5748,5753,5722,5078,6948,8693,8378,8368,5692,5737,5677,5095,6940,8692,8371,8327,5753,5699,5746,5088,6906,8633,8372,8290,5713,5741,5684,5054,6884,8582,8288,8284,5760,5757,5730,5089,6830,8597,8180,8255,5272,5594,4376,914,921,915,938,964
1:01:27,5538,5600,5595,4902,5875,6787,6711,6654,5587,5565,5602,4945,6766,8497,8307,8295,5655,5639,5764,4990,6792,8564,8382,8346,5663,5627,5754,5097,6877,8611,8368,8297,5768,5820,5826,5271,7224,8631,8303,8365,5798,5831,5771,5359,7169,8775,8356,8319,5810,5789,5772,5365,7191,8932,8350,8340,5794,5811,5733,5390,7214,8936,8332,8291,5821,5781,5807,5388,7196,8873,8321,8235,5817,5806,5789,5376,7156,8891,8239,8256,5823,5863,5857,5425,7109,8864,8142,8229,5253,5535,4360,911,912,910,929,953
1:16:27,5560,5627,5621,4941,5878,6772,6698,6659,5607,5590,5635,4981,6764,8482,8279,8279,5664,5679,5745,5045,6813,8571,8343,8336,5695,5658,5777,5201,6930,8636,8351,8273,5822,5875,5875,5468,7408,8713,8291,8339,5868,5881,5857,5705,7469,9020,8346,8319,5906,5881,5865,5777,7598,9318,8338,8326,5875,5893,5819,5791,7591,9338,8331,8313,5927,5870,5917,5836,7582,9231,8317,8251,5936,5911,5882,5803,7528,9303,8244,8249,5886,5983,5892,5870,7514,9285,8142,8216,5234,5528,4344,905,911,907,930,954
1:31:27,5586,5661,5660,4957,5902,6806,6686,6649,5643,5610,5694,5017,6779,8483,8260,8276,5704,5721,5794,5106,6869,8591,8332,8318,5753,5718,5852,5321,7020,8695,8317,8275,5896,5952,5958,5713,7604,8848,8262,8326,5999,5961,5969,6106,7853,9338,8353,8305,6061,6022,6004,6267,8064,9777,8336,8324,6039,6000,5944,6211,8045,9802,8338,8307,6069,6026,6033,6350,8078,9794,8320,8262,6071,6070,6042,6326,8002,9842,8252,8250,6002,6180,5982,6383,7979,9778,8153,8230,5231,5527,4344,904,903,902,924,950
1:46:27,5799,5734,5721,4998,5940,6821,6689,6637,5721,5700,5774,5067,6812,8508,8248,8258,5776,5809,5879,5177,6907,8610,8316,8308,5886,5811,5926,5439,7119,8745,8331,8273,6076,6114,6092,5952,7773,8991,8272,8351,6224,6133,6158,6543,8297,9706,8331,8325,6284,6220,6196,6800,8588,10317,8344,8356,6211,6153,6080,6623,8552,10320,8359,8343,6302,6223,6241,6909,8602,10250,8319,8287,6319,6311,6291,6835,8471,10477,8283,8285,6198,6440,6089,6919,8545,10344,8163,8268,5229,5521,4343,903,908,902,925,949
2:01:27,5927,5896,5869,5034,5973,6857,6687,6661,5891,5847,5912,5127,6833,8520,8246,8259,5979,5942,6026,5240,6965,8650,8333,8324,6133,5994,6095,5557,7244,8829,8331,8268,6411,6349,6341,6211,7963,9182,8262,8405,6596,6395,6450,7001,8745,10105,8390,8369,6696,6533,6524,7347,9175,10917,8391,8400,6541,6387,6311,7067,9044,10894,8418,8385,6720,6578,6582,7485,9165,10788,8395,8337,6706,6709,6726,7374,8999,11133,8346,8341,6547,6851,6322,7469,9212,10958,8209,8324,5231,5532,4348,903,906,901,921,943
2:16:27,6171,6130,6110,5116,6038,6911,6721,6695,6171,6067,6150,5211,6919,8587,8270,8299,6288,6180,6245,5348,7047,8721,8342,8369,6533,6239,6350,5702,7391,8939,8376,8333,6943,6718,6678,6487,8134,9441,8278,8481,7175,6805,6900,7474,9261,10521,8455,8424,7272,7026,7025,7927,9767,11607,8493,8508,7029,6703,6656,7518,9602,11456,8509,8500,7337,7096,7082,8084,9778,11429,8449,8425,7355,7281,7379,7933,9512,11916,8415,8470,7135,7408,6738,8048,9914,11610,8289,8399,5237,5539,4352,899,902,899,922,946
2:31:27,6472,6425,6413,5213,6136,6997,6768,6763,6471,6334,6444,5336,7027,8684,8319,8360,6698,6466,6530,5492,7207,8842,8428,8435,7035,6565,6646,5903,7615,9134,8463,8419,7569,7165,7138,6809,8345,9788,8315,8617,7826,7286,7448,7996,9795,11016,8546,8559,7972,7600,7630,8546,10421,12325,8625,8644,7600,7133,7084,7994,10163,12078,8661,8645,8077,7755,7722,8700,10433,12132,8581,8548,8141,7943,8192,8490,10083,12732,8559,8601,7842,8109,7312,8627,10683,12366,8376,8543,5238,5600,4347,903,907,898,922,947
2:46:27,6798,6746,6754,5401,6318,7176,6899,6883,6834,6660,6774,5500,7228,8847,8423,8475,7097,6759,6861,5697,7451,9054,8554,8599,7560,6902,6996,6134,7961,9411,8597,8556,8231,7645,7646,7201,8616,10246,8403,8859,8511,7843,8039,8570,10455,11579,8715,8741,8695,8191,8269,9179,11102,13102,8827,8886,8221,7598,7559,8499,10775,12725,8858,8893,8889,8381,8370,9378,11112,12836,8765,8757,8957,8628,9051,9070,10673,13651,8769,8844,8603,8876,7918,9277,11496,13191,8530,8747,5234,5673,4360,896,904,898,919,950
3:01:27,7199,7129,7158,5648,6601,7421,7088,7062,7281,6990,7160,5718,7526,9076,8580,8651,7609,7099,7229,5969,7795,9347,8723,8805,8218,7300,7394,6467,8434,9840,8807,8807,8996,8191,8183,7640,8985,10898,8497,9194,9309,8429,8701,9182,11222,12232,8934,9005,9498,8845,8968,9846,11902,13985,9113,9194,8920,8119,8093,9022,11428,13463,9171,9223,9777,9139,9087,10046,11886,13599,9043,9023,9869,9368,10026,9676,11314,14652,9043,9161,9428,9756,8606,9965,12403,14079,8737,9046,5239,5753,4359,902,904,896,923,947
3:16:27,7729,7619,7671,5937,6886,7692,7263,7267,7863,7453,7656,6015,7841,9370,8765,8848,8250,7583,7736,6310,8193,9682,8943,9021,8978,7847,7937,6863,9014,10315,9039,9056,9937,8862,8883,8200,9458,11690,8667,9530,10259,9152,9490,9883,12095,13039,9213,9319,10494,9640,9798,10587,12758,14975,9420,9557,9831,8786,8705,9555,12177,14259,9466,9557,10858,10060,9961,10770,12745,14485,9339,9347,11010,10296,11209,10290,12002,15749,9379,9524,10443,10838,9435,10698,13404,15064,9019,9387,5235,5841,4361,898,904,903,924,946
3:31:27,8415,8262,8335,6272,7208,8293,7454,7428,8582,8046,8345,6354,8164,9642,8959,9036,9029,8226,8394,6711,8607,10013,9121,9202,9924,8561,8706,7336,9596,10805,9260,9442,11071,9698,9756,8839,9992,12526,8858,9838,11490,10004,10473,10655,13000,13859,9485,9646,11762,10567,10785,11369,13653,15982,9730,9893,10945,9679,9525,10130,12942,15079,9796,9886,12106,11151,10978,11567,13623,15330,9656,9671,12303,11373,12529,10947,12732,16871,9707,9878,11587,12094,10434,11498,14434,16075,9330,9736,5252,5924,4368,901,903,902,920,948
3:46:27,9093,8927,8987,6608,7498,8582,7613,7627,9313,8731,9078,6714,8488,9914,9117,9195,9847,8945,9176,7161,9007,10362,9292,9403,10958,9445,9572,7901,10210,11322,9474,9666,12312,10705,10813,9593,10566,13430,9068,10157,12876,11038,11675,11487,13892,14663,9759,9950,13175,11750,12022,12189,14508,16942,10040,10232,12230,10736,10585,10768,13670,15857,10105,10209,13523,12402,12205,12413,14540,16179,9946,9987,13779,12614,14072,11661,13426,17949,10013,10225,12803,13479,11508,12362,15463,17073,9632,10084,5259,6089,4364,903,902,895,920,945
4:01:27,9708,9530,9571,6907,7798,8816,7781,7805,9964,9404,9726,7093,8802,10182,9267,9392,10597,9661,9904,7612,9408,10680,9478,9552,11927,10258,10367,8528,10832,11832,9663,9865,13478,11770,11879,10465,11179,14335,9294,10452,14145,12181,12856,12415,14853,15514,10041,10261,14536,12975,13305,13108,15416,17964,10350,10559,13433,11758,11688,11453,14371,16643,10421,10541,14926,13703,13518,13300,15445,16967,10268,10300,15287,13939,15684,12362,14095,19017,10328,10564,14086,14937,12622,13330,16443,18087,9963,10432,5256,6237,4367,899,908,900,922,950
4:16:27,10279,10032,10134,7185,8049,9033,7954,7950,10595,9999,10302,7437,9077,10390,9412,9560,11326,10272,10563,8068,9785,10972,9638,9724,12847,10991,11090,9183,11462,12298,9840,10056,14610,12747,12837,11338,11803,15315,9512,10733,15323,13343,13929,13386,15860,16386,10291,10573,15788,14181,14452,14042,16368,18994,10659,10893,14572,12738,12731,12115,15090,17418,10732,10870,16229,14932,14764,14207,16416,17772,10561,10633,16760,15216,17265,13102,14767,20153,10646,10877,15366,16429,13717,14224,17489,19096,10292,10795,5265,6255,4373,898,905,898,922,947
4:31:27,10848,10575,10659,7401,8236,9216,8074,8100,11216,10537,10837,7717,9301,10591,9536,9688,11995,10868,11171,8425,10085,11225,9750,9875,13732,11681,11748,9788,12025,12740,10003,10246,15680,13659,13711,12247,12510,16321,9703,10969,16469,14419,14930,14286,16853,17394,10557,10839,17028,15274,15537,14945,17293,20050,10911,11193,15663,13691,13691,12752,15805,18200,10998,11197,17430,16114,15887,15099,17391,18562,10843,10933,18166,16415,18781,13797,15423,21241,10961,11226,16565,17903,14764,15127,18534,20084,10611,11126,5268,6167,4376,898,905,896,919,952
4:46:27,11366,11052,11203,7561,8535,9387,8143,8208,11785,11076,11402,7953,9453,10710,9639,9781,12665,11441,11750,8716,10300,11417,9829,10013,14599,12392,12422,10324,12526,13145,10085,10406,16712,14524,14529,13145,13249,17290,10179,11171,17596,15431,15922,15160,17787,18385,10781,11125,18240,16362,16614,15795,18185,21055,11182,11457,16744,14599,14654,13323,16456,18880,11247,11473,18623,17271,17045,15942,18334,19343,11101,11211,19581,17572,20327,14394,15995,22291,11254,11484,17729,19360,15748,15990,19511,21058,10890,11453,5271,6232,4378,899,899,898,922,950
5:01:27,11890,11511,11677,7757,8695,9490,8194,8315,12352,11599,11901,8178,9592,10809,9726,9905,13313,12026,12383,9025,10514,11565,9889,10123,15419,13080,13116,10829,12989,13495,10176,10529,17749,15428,15393,13998,14000,18156,10367,11343,18726,16495,16891,15913,18668,19348,11028,11376,19442,17367,17646,16580,19033,22043,11412,11720,17792,15521,15649,13824,17029,19589,11475,11701,19794,18398,18196,16706,19239,20083,11322,11463,20938,18677,21805,14919,16535,23352,11472,11757,18826,20826,16724,16842,20443,22033,11156,11731,5268,6311,4393,900,900,897,919,951
5:16:27,12370,11955,12156,7969,8874,9608,8242,8352,12896,12111,12416,8434,9735,10904,9773,9996,13934,12578,12975,9358,10732,11710,9938,10177,16218,13768,13785,11344,13412,13790,10226,10637,18722,16321,16207,14781,14718,18940,10506,11442,19829,17505,17908,16689,19464,20261,11210,11585,20617,18404,18691,17354,19820,22983,11602,11923,18843,16417,16667,14337,17561,20264,11675,11931,20887,19482,19312,17516,20160,20758,11529,11682,22304,19780,23304,15403,17055,24386,11667,11988,19940,22265,17684,17677,21316,22965,11400,11964,5269,6388,4387,895,904,897,924,948
5:31:27,12837,12372,12603,8158,9053,9746,8326,8419,13429,12595,12924,8687,9927,11001,9801,10007,14545,13135,13569,9679,10987,11825,9969,10218,17007,14466,14447,11884,13909,14080,10304,10715,19683,17170,17039,15618,15481,19666,10662,11641,20924,18532,18889,17495,20251,21173,11379,11749,21839,19432,19795,18222,20603,23877,11851,12222,19865,17309,17714,14867,18096,20860,11941,12246,22003,20592,20492,18406,21088,21436,11747,11955,23671,20867,24804,15934,17574,25342,11968,12310,20988,23732,18666,18562,22286,23887,11599,12280,5269,6483,4384,898,907,896,918,951
5:46:27,13302,12767,13043,8361,9236,9901,8423,8519,13944,13051,13401,8922,10096,11122,9877,10071,15138,13638,14135,9982,11261,12018,10043,10290,17793,15120,15128,12414,14407,14375,10382,10825,20647,18019,17834,16416,16216,20406,10795,11853,22005,19542,19893,18238,21075,22030,11549,11969,23040,20470,20852,19073,21389,24788,12134,12532,20889,18205,18792,15434,18632,21525,12227,12573,23114,21716,21691,19317,22065,22022,12041,12290,25130,22012,26324,16538,18116,26361,12264,12696,22060,25170,19624,19492,23227,24818,11893,12652,5268,6551,4392,894,901,895,923,951
6:01:27,13728,13149,13469,8564,9415,10024,8510,8605,14416,13524,13857,9163,10299,11259,9955,10172,15677,14155,14677,10278,11514,12177,10124,10397,18508,15798,15761,12970,14900,14729,10507,10937,21563,18804,18621,17193,16959,21176,10904,12030,23093,20484,20868,18960,21891,22875,11751,12243,24266,21488,21896,19906,22155,25698,12412,12852,21936,19108,19929,15957,19191,22198,12534,12914,24237,22886,22892,20200,23058,22605,12365,12617,26578,23129,27862,17059,18689,27356,12617,13059,23140,26679,20599,20407,24183,25786,12231,13030,5271,6634,4395,898,902,898,926,952
6:16:27,14156,13508,13865,8751,9599,10159,8615,8724,14903,13962,14316,9392,10478,11410,10039,10244,16220,14624,15213,10587,11796,12369,10216,10487,19207,16449,16406,13471,15410,15068,10621,11030,22452,19540,19413,17967,17751,21938,11023,12214,24149,21383,21867,19655,22660,23732,11948,12481,25517,22577,22990,20702,22878,26611,12711,13180,22993,20039,21079,16487,19705,22916,12822,13247,25336,24046,24147,21120,24051,23223,12687,12931,28040,24370,29393,17609,19222,28372,12958,13417,24289,28186,21610,21333,25134,26735,12555,13411,5275,6709,4394,898,904,897,921,950
6:31:27,14544,13855,14229,8944,9753,10306,8716,8842,15347,14388,14763,9636,10667,11542,10137,10367,16737,15134,15718,10915,12055,12569,10305,10592,19923,17081,17060,14028,15941,15409,10729,11159,23324,20253,20195,18725,18585,22695,11137,12403,25247,22269,22873,20280,23419,24591,12167,12707,26715,23699,24043,21471,23616,27454,13000,13498,24010,20991,22299,17013,20239,23610,13118,13589,26450,25227,25470,21988,24986,23864,12978,13247,29557,25613,30994,18173,19789,29407,13308,13768,25444,29673,22686,22232,26050,27688,12895,13781,5288,6790,4397,900,903,897,915,951
6:46:27,14924,14203,14614,9142,9960,10467,8825,8947,15810,14812,15163,9880,10866,11689,10218,10457,17234,15597,16191,11205,12333,12752,10409,10702,20623,17728,17677,14554,16467,15782,10855,11304,24193,20957,20983,19432,19406,23482,11282,12605,26292,23137,23867,20930,24190,25454,12366,12945,28027,24913,25182,22241,24334,28340,13305,13809,25096,21954,23538,17489,20782,24342,13420,13927,27579,26500,26819,22884,25995,24485,13296,13595,31089,26878,32608,18697,20375,30408,13636,14153,26585,31276,23763,23127,27010,28664,13233,14180,5294,6846,4403,903,901,899,914,946
7:01:27,15303,14540,14960,9332,10143,10595,8928,9058,16221,15220,15574,10105,11076,11837,10333,10554,17749,16054,16654,11506,12598,12944,10498,10797,21291,18343,18307,15140,17017,16098,10960,11412,25059,21645,21731,20180,20199,24271,11431,12785,27400,23972,24885,21538,24954,26296,12586,13192,29329,26104,26273,22989,24993,29211,13599,14110,26167,22917,24824,17948,21314,25061,13718,14263,28735,27758,28209,23795,26954,25061,13623,13937,32638,28219,34263,19235,20938,31434,13961,14509,27729,32879,24893,24026,27953,29648,13581,14543,5295,6906,4392,894,904,899,920,950
7:16:27,15680,14891,15327,9530,10321,10743,9021,9156,16672,15627,15964,10360,11272,11989,10430,10667,18242,16485,17131,11819,12892,13163,10611,10905,21994,18963,18917,15692,17569,16447,11078,11545,25964,22328,22501,20899,21044,25045,11576,13005,28506,24783,25977,22153,25727,27147,12791,13434,30633,27412,27433,23771,25659,30136,13873,14408,27283,23958,26125,18384,21804,25795,14009,14583,29893,29085,29614,24680,27960,25640,13962,14243,34232,29584,36009,19774,21529,32455,14316,14852,28936,34528,26040,24920,28825,30584,13926,14917,5277,6939,4406,899,902,897,919,945
7:31:27,16080,15246,15679,9720,10522,10894,9106,9266,17073,16024,16368,10578,11433,12153,10521,10759,18715,16941,17604,12106,13164,13352,10709,11014,22669,19542,19505,16223,18140,16787,11204,11656,26856,23002,23244,21613,21884,25803,11739,13163,29650,25619,27036,22734,26466,28013,13020,13650,32025,28785,28568,24529,26275,30962,14171,14722,28401,24960,27489,18812,22309,26509,14307,14896,31049,30476,31129,25600,28926,26194,14276,14553,35881,31013,37698,20372,22129,33400,14643,15181,30170,36231,27285,25829,29729,31473,14254,15260,5282,7013,4406,895,902,898,923,941
7:46:27,16401,15535,16022,9898,10680,11025,9197,9358,17506,16431,16746,10814,11641,12288,10586,10838,19211,17387,18058,12421,13436,13551,10810,11125,23372,20145,20100,16828,18670,17106,11319,11763,27711,23689,24011,22294,22731,26519,11880,13339,30800,26396,28146,23335,27187,28802,13190,13883,33423,30185,29722,25247,26771,31724,14470,14994,29478,26031,28900,19188,22809,27244,14562,15198,32286,31861,32654,26481,29810,26709,14568,14854,37540,32517,39504,20904,22696,34270,14970,15537,31374,37941,28542,26734,30538,32317,14594,15585,5273,7064,4417,894,902,891,917,948
8:01:27,16750,15844,16354,10080,10840,11175,9287,9451,17935,16814,17094,11037,11813,12440,10668,10935,19687,17828,18538,12690,13689,13723,10879,11190,24053,20763,20719,17390,19226,17437,11398,11871,28597,24391,24814,22949,23585,27255,12001,13501,31952,27175,29286,23921,27855,29556,13382,14080,34855,31642,30895,25965,27290,32426,14724,15277,30697,27063,30336,19575,23324,27919,14813,15513,33516,33316,34217,27342,30661,27192,14871,15145,39247,34020,41296,21512,23285,35132,15253,15841,32635,39659,29842,27657,31324,33086,14889,15899,5277,7119,4409,892,900,896,916,945
8:16:27,17113,16135,16677,10292,11019,11307,9368,9547,18341,17187,17471,11254,11995,12572,10748,11017,20172,18249,19001,12957,13971,13929,10960,11268,24678,21398,21313,17963,19769,17727,11505,11977,29480,25065,25565,23558,24393,27981,12133,13683,33138,28021,30492,24497,28516,30270,13553,14284,36385,33172,32109,26605,27768,33122,14994,15566,31882,28183,31884,19946,23738,28607,15089,15822,34744,34842,35896,28182,31496,27705,15161,15432,41032,35601,43260,22078,23841,35963,15559,16196,33930,41505,31205,28469,32062,33889,15214,16270,5273,7175,4404,890,901,894,916,947
8:31:27,17427,16453,16959,10459,11196,11463,9449,9644,18753,17548,17843,11465,12179,12719,10832,11117,20655,18669,19491,13239,14217,14128,11032,11363,25392,21980,21888,18563,20315,18038,11613,12086,30336,25806,26353,24146,25283,28731,12278,13821,34366,28854,31720,25051,29094,30963,13758,14507,37927,34788,33314,27242,28207,33798,15260,15855,33091,29267,33487,20332,24159,29217,15344,16147,36040,36446,37609,29020,32298,28117,15453,15750,42836,37279,45167,22649,24396,36817,15881,16553,35225,43370,32576,29289,32829,34764,15493,16618,5272,7253,4398,885,901,893,913,945
8:46:27,17774,16771,17312,10650,11373,11604,9541,9741,19119,17916,18180,11698,12344,12850,10900,11187,21108,19096,19947,13545,14503,14322,11111,11454,26049,22595,22491,19163,20870,18332,11688,12190,31205,26541,27166,24772,26133,29473,12411,14002,35652,29694,32983,25536,29709,31671,13935,14743,39539,36484,34539,27865,28661,34467,15560,16173,34368,30458,35145,20707,24606,29831,15629,16469,37351,38079,39420,29774,33091,28596,15733,16071,44747,39000,47166,23220,24938,37675,16210,16884,36582,45290,34065,30115,33656,35572,15803,16946,5281,7307,4398,889,894,886,913,943
9:01:27,18147,17075,17619,10868,11551,11747,9633,9835,19524,18289,18525,11922,12541,13008,10976,11263,21567,19546,20452,13821,14778,14518,11189,11556,26741,23231,23124,19719,21450,18656,11791,12317,32124,27320,27944,25398,26969,30265,12557,14149,36952,30578,34329,26061,30337,32353,14132,14953,41203,38235,35795,28488,29097,35174,15821,16448,35636,31649,36882,21094,25032,30451,15910,16810,38720,39790,41316,30590,33934,29083,16032,16382,46674,40843,49255,23752,25529,38600,16520,17251,38051,47266,35566,30946,34475,36425,16134,17295,5268,7377,4403,890,893,889,908,941
9:16:27,18511,17403,17959,11062,11723,11922,9719,9940,19939,18642,18880,12143,12734,13151,11065,11366,22066,19989,20965,14119,15067,14709,11266,11646,27446,23880,23759,20300,22030,18954,11905,12408,33066,28063,28745,26046,27760,31057,12688,14346,38333,31482,35674,26569,30912,33029,14341,15199,42881,40027,37073,29114,29505,35807,16094,16761,36991,32897,38654,21474,25454,31103,16173,17133,40161,41600,43290,31445,34811,29576,16343,16718,48755,42727,51360,24320,26134,39529,16863,17622,39525,49313,37162,31776,35337,37353,16484,17642,5276,7444,4396,891,895,889,910,939
9:31:27,18842,17708,18275,11288,11912,12063,9816,10043,20350,19026,19258,12380,12915,13310,11153,11450,22530,20412,21466,14430,15336,14931,11346,11723,28152,24481,24372,20904,22615,19301,11990,12536,34007,28874,29558,26686,28621,31892,12817,14507,39695,32446,37101,27091,31540,33712,14518,15415,44668,41942,38389,29769,29913,36497,16413,17046,38360,34176,40547,21841,25887,31750,16459,17468,41597,43411,45331,32365,35693,30009,16674,17049,50847,44733,53615,24929,26695,40568,17212,18004,41032,51454,38816,32664,36319,38346,16799,17991,5267,7532,4395,885,892,885,904,940
9:46:27,19188,18041,18609,11504,12137,12244,9895,10156,20797,19396,19611,12626,13108,13456,11239,11563,23004,20858,21991,14747,15630,15154,11430,11830,28878,25117,25011,21523,23251,19668,12099,12641,34959,29710,30379,27353,29474,32730,12970,14697,41140,33479,38583,27608,32165,34411,14744,15639,46572,43872,39695,30431,30357,37268,16713,17359,39775,35514,42454,22191,26310,32439,16765,17839,43090,45311,47436,33287,36696,30594,17013,17379,52976,46719,55899,25569,27330,41666,17555,18402,42574,53711,40519,33637,37341,39465,17151,18350,5280,7596,4402,889,889,887,911,940
10:01:27,19579,18338,18956,11711,12318,12381,9993,10236,21192,19778,19994,12857,13325,13637,11307,11630,23503,21290,22538,15085,15935,15385,11533,11926,29570,25773,25604,22178,23858,19993,12217,12767,35926,30524,31225,27993,30369,33730,13117,14870,42622,34520,40113,28133,32818,35111,14961,15882,48501,45907,41100,31189,30808,38075,17005,17676,41234,36905,44479,22533,26761,33171,17047,18174,44631,47292,49637,34309,37710,31103,17350,17726,55268,48886,58220,26195,27983,42734,17930,18789,44223,56020,42304,34625,38373,40533,17510,18719,5269,7681,4403,888,895,880,905,940
10:16:27,19970,18664,19291,11923,12516,12553,10090,10346,21626,20152,20371,13131,13541,13830,11410,11719,23979,21744,23053,15438,16287,15634,11592,12013,30344,26401,26202,22843,24526,20393,12319,12855,36963,31396,32056,28750,31301,34707,13258,15056,44172,35589,41701,28721,33475,35869,15147,16134,50448,48058,42478,32021,31377,38966,17336,18010,42779,38322,46566,22914,27293,33945,17373,18579,46263,49423,51942,35315,38699,31714,17683,18108,57555,51072,60644,26956,28720,43676,18310,19195,45889,58328,44117,35729,39234,41422,17904,19069,5269,7744,4405,884,884,886,907,936
10:31:27,20389,19003,19634,12143,12688,12699,10186,10438,22060,20578,20728,13377,13777,13989,11484,11802,24481,22198,23581,15765,16601,15881,11695,12090,31103,27056,26846,23587,25245,20795,12430,12953,37987,32251,32951,29512,32244,35613,13409,15228,45785,36706,43368,29338,34264,36555,15371,16374,52577,50230,43958,32814,31780,39667,17669,18362,44341,39806,48748,23301,27803,34692,17710,18951,47944,51549,54364,36246,39578,32183,18056,18490,59927,53403,63142,27638,29440,44674,18709,19631,47638,60743,45965,36807,40268,42445,18294,19516,5282,7814,4398,888,891,883,909,939
10:46:27,20770,19353,19987,12350,12875,12845,10275,10511,22486,20945,21095,13631,13974,14167,11553,11866,24974,22659,24131,16114,16885,16137,11780,12163,31871,27692,27476,24357,25961,21171,12542,13079,39042,33143,33856,30191,33266,36485,13540,15427,47441,37858,45078,29834,34913,37398,15590,16599,54791,52569,45447,33530,32162,40388,18021,18673,45988,41340,50993,23742,28328,35335,18035,19324,49702,53768,56854,37282,40566,32692,18417,18849,62397,55849,65744,28358,30017,45767,19109,20073,49401,63218,47927,37835,41293,43590,18695,19896,5281,7885,4407,882,891,888,909,940
11:01:27,21164,19648,20331,12525,13045,12996,10346,10605,22915,21312,21466,13890,14166,14295,11623,11937,25468,23094,24698,16426,17172,16318,11861,12245,32613,28387,28125,25109,26617,21610,12641,13174,40119,34023,34749,30980,34387,37374,13688,15594,49126,39045,46859,30448,35490,38117,15801,16861,57012,54965,47036,34342,32649,41149,18366,19045,47649,42908,53319,24202,28756,36040,18384,19704,51471,56105,59452,38343,41648,33264,18792,19247,64843,58285,68400,29113,30818,46932,19514,20505,51298,65885,49868,39013,42354,44651,19114,20320,5279,7969,4408,888,888,882,904,941
11:16:27,21581,20022,20686,12712,13202,13140,10405,10687,23348,21723,21824,14088,14360,14466,11687,11996,25965,23568,25228,16746,17459,16555,11940,12329,33393,29074,28740,25896,27280,21974,12732,13268,41186,34995,35683,31683,35554,38202,13834,15752,50905,40275,48676,31085,36171,38774,16022,17098,59312,57420,48587,35211,33149,42010,18714,19382,49390,44542,55766,24624,29268,36832,18742,20129,53359,58534,62155,39498,42725,33921,19205,19592,67433,60839,71092,29965,31563,48057,19946,20955,53242,68506,51950,40120,43419,45836,19538,20745,5279,8032,4411,883,894,885,903,940
11:31:27,21983,20360,21065,12894,13376,13273,10478,10765,23770,22097,22219,14316,14559,14606,11755,12068,26489,24051,25790,17018,17739,16761,11995,12392,34163,29749,29435,26638,27911,22369,12832,13343,42359,35911,36641,32417,36680,38997,13936,15941,52672,41552,50594,31728,36899,39492,16259,17340,61737,60021,50244,36022,33724,42804,19085,19723,51241,46239,58311,25027,29824,37610,19095,20510,55304,61007,64908,40586,43792,34548,19621,19979,70037,63580,73934,30800,32346,49186,20345,21392,55249,71208,54033,41319,44509,46926,19939,21158,5292,8119,4418,884,891,881,908,938
11:46:27,22432,20687,21434,13025,13544,13404,10542,10855,24224,22496,22600,14510,14767,14752,11807,12139,26992,24520,26332,17270,17995,16966,12062,12479,34956,30438,30121,27341,28489,22737,12928,13470,43505,36880,37626,33107,37775,39775,14103,16081,54559,42852,52540,32382,37658,40251,16482,17577,64143,62676,51974,36903,34254,43612,19438,20037,53112,48008,60929,25546,30431,38446,19438,20914,57317,63594,67740,41680,44893,35201,20067,20357,72725,66282,76747,31621,33199,50402,20774,21827,57347,73940,56241,42457,45556,48015,20358,21632,5293,8185,4416,886,894,882,909,938
12:01:27,22874,21021,21827,13196,13687,13542,10631,10925,24666,22895,22968,14663,14918,14880,11901,12216,27504,25009,26941,17518,18234,17193,12129,12561,35746,31140,30764,27999,29043,23034,13024,13533,44703,37842,38607,33743,38874,40493,14214,16229,56530,44213,54552,32983,38295,40977,16671,17790,66724,65456,53712,37726,34821,44495,19804,20361,55106,49860,63591,26087,31049,39262,19787,21291,59399,66271,70752,42860,45988,35833,20452,20762,75483,69172,79740,32516,34069,51547,21188,22284,59510,76854,58535,43628,46645,49140,20783,22080,5283,8263,4405,880,885,888,904,934
12:16:27,23326,21393,22187,13358,13830,13673,10704,11009,25125,23318,23362,14848,15115,15021,11962,12288,28002,25465,27489,17761,18519,17359,12219,12630,36544,31865,31406,28654,29557,23348,13118,13623,45873,38873,39575,34363,39994,41128,14343,16384,58531,45600,56664,33638,39053,41759,16883,18007,69354,68332,55549,38582,35384,45329,20165,20710,57111,51730,66369,26609,31616,40088,20125,21695,61613,69039,73761,44043,47145,36485,20879,21082,78250,72131,82711,33389,34905,52769,21610,22711,61875,79913,60874,44879,47697,50244,21231,22559,5290,8335,4415,886,890,888,904,941
12:31:27,23815,21762,22631,13530,13975,13813,10773,11092,25554,23686,23779,15013,15232,15140,12046,12360,28530,25987,28049,17976,18735,17547,12254,12697,37330,32552,32113,29277,30031,23646,13197,13717,47133,39888,40608,34890,41048,41756,14455,16534,60621,47041,58862,34251,39745,42509,17065,18231,72119,71282,57458,39464,35962,46187,20550,21044,59214,53776,69305,27175,32274,40961,20462,22088,63975,71885,77049,45176,48319,37196,21286,21500,81116,75272,85949,34278,35769,53991,22056,23172,64172,83010,63301,46072,48723,51286,21651,23031,5306,8401,4420,879,893,883,906,937
12:46:27,24265,22100,22974,13690,14114,13938,10834,11175,26013,24101,24142,15146,15394,15258,12081,12443,29046,26463,28618,18170,18947,17726,12337,12779,38154,33324,32772,29874,30478,23903,13280,13816,48414,40934,41657,35472,42078,42373,14560,16670,62792,48544,61107,34869,40499,43193,17311,18462,74951,74421,59349,40326,36559,47048,20880,21380,61433,55864,72365,27768,32906,41833,20857,22450,66258,74881,80300,46396,49488,37827,21726,21870,84013,78484,89190,35173,36657,55198,22520,23601,66650,86234,65752,47300,49727,52327,22082,23513,5303,8468,4420,888,890,882,906,934
13:01:27,24774,22489,23396,13826,14272,14060,10908,11268,26469,24510,24552,15291,15551,15391,12168,12483,29563,26976,29190,18377,19192,17864,12416,12863,38965,33997,33475,30423,30933,24172,13362,13896,49723,42036,42705,36024,43125,42917,14683,16798,64988,50095,63457,35518,41221,43946,17491,18681,77881,77582,61408,41208,37139,47930,21225,21746,63764,57956,75503,28323,33560,42758,21181,22860,68734,77998,83733,47638,50667,38530,22168,22273,87041,81878,92510,36103,37548,56399,22944,24044,69230,89533,68390,48556,50761,53352,22511,23978,5297,8535,4431,883,892,883,908,936
13:16:27,25296,22848,23803,13994,14421,14206,10981,11347,26940,24906,24932,15441,15686,15493,12218,12566,30149,27464,29788,18597,19391,18059,12453,12928,39792,34747,34158,30957,31326,24391,13431,13995,51083,43127,43719,36480,44105,43472,14796,16964,67294,51653,65897,36101,41947,44704,17682,18880,80892,80985,63473,42046,37694,48768,21611,22063,66262,60218,78731,28897,34218,43625,21557,23226,71336,81252,87314,48842,51831,39233,22632,22664,89983,85315,95934,37006,38479,57649,23402,24516,71882,92922,70994,49787,51732,54372,22936,24502,5312,8607,4437,880,893,883,906,942
13:31:27,25800,23244,24203,14140,14546,14328,11046,11427,27383,25316,25294,15603,15804,15610,12291,12675,30648,27963,30345,18787,19605,18189,12524,13001,40654,35475,34858,31422,31719,24595,13498,14081,52472,44209,44799,36956,45083,43951,14889,17097,69633,53303,68383,36684,42651,45414,17856,19098,84039,84464,65635,42994,38285,49601,21949,22437,68709,62568,82035,29487,34852,44522,21954,23635,73950,84634,90970,50092,53039,39839,23046,23065,92971,88878,OVRFLW,37913,39410,58872,23847,24970,74641,96449,73779,51006,52722,55370,23357,25009,5308,8671,4435,883,894,885,904,934
13:46:27,26303,23645,24614,14294,14705,14476,11117,11517,27856,25747,25720,15738,15940,15712,12356,12697,31222,28474,30907,18982,19808,18322,12613,13096,41522,36252,35544,31907,32099,24787,13568,14173,53866,45370,45908,37410,46015,44418,15014,17231,72048,54957,70985,37294,43395,46086,18027,19321,87198,88080,67895,43831,38885,50450,22319,22772,71322,64993,85549,30049,35504,45431,22306,23988,76798,88082,94831,51400,54292,40546,23509,23430,95954,92629,OVRFLW,38949,40371,60133,24297,25394,77553,OVRFLW,76553,52262,53733,56429,23743,25488,5309,8741,4450,885,899,886,909,939
14:01:27,26884,24076,25081,14449,14837,14568,11191,11589,28367,26154,26102,15860,16068,15834,12425,12815,31833,28953,31505,19188,20038,18473,12665,13172,42395,36997,36220,32399,32437,25008,13645,14247,55258,46548,47032,37853,46939,44869,15081,17374,74569,56688,73664,37901,44063,46803,18201,19536,90459,91854,70248,44747,39426,51319,22704,23132,74080,67481,89235,30670,36198,46362,22674,24366,79680,91676,OVRFLW,52657,55465,41238,23958,23807,OVRFLW,96426,OVRFLW,39943,41303,61331,24728,25810,80630,OVRFLW,79392,53516,54708,57427,24175,25977,5323,8827,4445,882,890,882,910,946
14:16:27,27441,24495,25523,14597,14957,14722,11268,11713,28843,26552,26503,16002,16197,15936,12498,12877,32384,29486,32081,19388,20255,18628,12732,13239,43269,37764,36940,32885,32817,25203,13732,14350,56798,47719,48156,38352,47896,45309,15202,17507,77070,58507,76413,38451,44790,47520,18348,19726,93842,95636,72637,45603,40037,52102,23034,23507,76986,70131,92955,31265,36882,47238,23040,24761,82657,95332,OVRFLW,53980,56627,41967,24426,24214,OVRFLW,OVRFLW,OVRFLW,40988,42253,62607,25209,26253,83786,OVRFLW,82407,54739,55637,58427,24607,26475,5326,8884,4456,888,891,887,906,941
14:31:27,28004,24928,25975,14733,15117,14852,11347,11768,29344,26991,26885,16129,16300,16068,12538,12953,32990,29969,32667,19584,20468,18745,12811,13326,44152,38529,37672,33303,33122,25425,13797,14427,58273,48963,49318,38822,48781,45733,15305,17649,79737,60318,79280,39050,45446,48191,18508,19929,97374,OVRFLW,75208,46578,40634,52965,23394,23831,79948,72826,96876,31856,37556,48171,23393,25115,85826,OVRFLW,OVRFLW,55307,57918,42712,24869,24645,OVRFLW,OVRFLW,OVRFLW,42011,43239,63882,25659,26664,87102,OVRFLW,85518,55949,56655,59413,24957,26965,5314,8934,4454,888,895,885,908,944
14:46:27,28631,25382,26490,14908,15247,14994,11409,11850,29843,27401,27323,16278,16430,16161,12628,13018,33582,30505,33258,19802,20655,18859,12877,13412,45080,39333,38372,33779,33443,25594,13876,14535,59826,50150,50488,39246,49670,46140,15395,17784,82455,62250,82226,39602,46162,48855,18662,20136,OVRFLW,OVRFLW,77824,47475,41251,53760,23725,24203,83088,75705,OVRFLW,32529,38242,49118,23767,25490,89024,OVRFLW,OVRFLW,56644,59156,43441,25356,25000,OVRFLW,OVRFLW,OVRFLW,43126,44252,65141,26068,27075,90534,OVRFLW,88730,57171,57633,60411,25385,27436,5329,9015,4450,886,891,894,910,943
15:01:27,29231,25852,26948,15048,15423,15120,11485,11958,30340,27805,27717,16387,16519,16256,12674,13101,34193,31013,33850,19971,20844,19002,12933,13476,45940,40112,39088,34248,33725,25794,13945,14609,61423,51419,51674,39699,50524,46537,15473,17914,85131,64217,85374,40177,46869,49497,18843,20355,OVRFLW,OVRFLW,80473,48405,41858,54595,24049,24531,86254,78666,OVRFLW,33141,38988,50077,24127,25858,92400,OVRFLW,OVRFLW,58046,60437,44212,25790,25371,OVRFLW,OVRFLW,OVRFLW,44226,45302,66318,26514,27535,94165,OVRFLW,91940,58301,58635,61390,25765,27903,5328,9064,4459,890,895,887,909,946
15:16:27,29867,26331,27444,15212,15549,15251,11582,12046,30799,28219,28125,16552,16662,16377,12749,13180,34812,31516,34456,20166,21051,19134,13005,13572,46921,40850,39774,34666,34040,25964,14015,14684,62961,52702,52822,40114,51336,46894,15579,18054,87922,66319,88545,40770,47516,50190,18996,20517,OVRFLW,OVRFLW,83300,49419,42501,55354,24364,24878,89668,81777,OVRFLW,33825,39750,51012,24461,26223,95817,OVRFLW,OVRFLW,59463,61683,44995,26252,25786,OVRFLW,OVRFLW,OVRFLW,45375,46375,67643,26920,27946,OVRFLW,OVRFLW,95180,59515,59618,62469,26125,28332,5338,9123,4459,886,895,885,907,943
15:31:27,30497,26817,27921,15388,15687,15391,11634,12147,31344,28614,28558,16672,16749,16476,12827,13244,35400,31996,35052,20394,21234,19251,13073,13651,47790,41642,40497,35111,34303,26113,14081,14774,64552,54017,54002,40548,52130,47269,15678,18181,90797,68359,91824,41325,48178,50800,19131,20734,OVRFLW,OVRFLW,86203,50312,43080,56123,24694,25196,93084,84932,OVRFLW,34514,40502,51980,24807,26603,OVRFLW,OVRFLW,OVRFLW,60844,62954,45827,26669,26186,OVRFLW,OVRFLW,OVRFLW,46525,47431,68800,27389,28366,OVRFLW,OVRFLW,OVRFLW,60659,60616,63495,26532,28785,5326,9188,4475,885,894,884,909,944
15:46:27,31121,27293,28437,15532,15843,15536,11707,12214,31812,29049,28988,16796,16867,16566,12871,13314,36035,32544,35598,20564,21470,19365,13133,13753,48737,42410,41229,35518,34522,26287,14161,14878,66238,55318,55257,40957,52918,47625,15767,18303,93722,70495,95162,41857,48839,51467,19304,20941,OVRFLW,OVRFLW,89203,51218,43705,56890,25014,25543,96733,88240,OVRFLW,35222,41234,52914,25174,26966,OVRFLW,OVRFLW,OVRFLW,62207,64131,46601,27132,26595,OVRFLW,OVRFLW,OVRFLW,47698,48454,69936,27776,28819,OVRFLW,OVRFLW,OVRFLW,61783,61654,64462,26936,29210,5339,9253,4466,888,897,889,911,945
16:01:27,31748,27762,28924,15701,15987,15693,11792,12298,32343,29477,29385,16939,16981,16683,12957,13397,36605,33058,36204,20773,21658,19480,13183,13815,49641,43218,41917,35945,34810,26464,14227,14954,67843,56616,56437,41319,53629,47986,15874,18447,96705,72798,OVRFLW,42410,49468,52041,19450,21114,OVRFLW,OVRFLW,92319,52136,44355,57581,25285,25890,OVRFLW,91685,OVRFLW,35994,41986,53862,25542,27308,OVRFLW,OVRFLW,OVRFLW,63606,65430,47456,27564,26975,OVRFLW,OVRFLW,OVRFLW,48836,49491,71009,28202,29254,OVRFLW,OVRFLW,OVRFLW,62832,62644,65590,27383,29644,5351,9310,4470,889,887,885,907,944
